ID,Name,Age,Department,Salary
1,John Smith,28,Engineering,75000
2,Jane Doe,32,Marketing,65000
3,Bob Johnson,45,Sales,80000
4,Alice Williams,29,HR,55000
5,Charlie Brown,35,Engineering,85000
6,Diana Prince,31,Marketing,70000
7,Edward Davis,40,Sales,90000
8,Fiona Green,27,HR,52000
9,George Hall,38,Engineering,82000
10,Hannah White,33,Marketing,68000
11,Ian Black,26,Sales,72000
12,Julia Gray,30,HR,58000
13,Kevin Brown,34,Engineering,78000
14,Laura Miller,29,Marketing,66000
15,Michael Wilson,42,Sales,88000
16,Nancy Moore,28,HR,54000
17,Oscar Taylor,36,Engineering,84000
18,Paula Anderson,31,Marketing,69000
19,Quentin Thomas,39,Sales,86000
20,Rachel Jackson,27,HR,56000
21,Sam Harris,33,Engineering,79000
22,Tina Martin,30,Marketing,67000
23,Ulysses Clark,41,Sales,87000
24,Vivian Robinson,28,HR,53000
25,William Walker,37,Engineering,83000
26,Xavier Young,32,Marketing,71000
27,Yvonne King,29,Sales,73000
28,Zachary Wright,26,HR,51000
29,Abigail Scott,34,Engineering,77000
30,Benjamin Lopez,31,Marketing,64000
31,Charlotte Hill,38,Sales,89000
32,Daniel Adams,27,HR,57000
33,Emma Nelson,35,Engineering,81000
34,Frank Mitchell,30,Marketing,63000
35,Grace Perez,40,Sales,91000
36,Henry Roberts,28,HR,55000
37,Isabel Carter,36,Engineering,80000
38,Jack Phillips,32,Marketing,66000
39,Kelly Campbell,39,Sales,85000
40,Larry Parker,29,HR,59000
41,Megan Evans,33,Engineering,76000
42,Nathan Edwards,31,Marketing,68000
43,Olivia Collins,37,Sales,82000
44,Patricia Stewart,26,HR,52000
45,Richard Sanchez,34,Engineering,74000
46,Susan Morris,30,Marketing,62000
47,Timothy Rogers,38,Sales,84000
48,Virginia Reed,27,HR,54000
49,Wayne Cook,35,Engineering,78000
50,Barbara Morgan,32,Marketing,65000
